name,kind,extension,risk,severity,suspicion,already_documented,evidence
bcmath.scale,ini,bcmath,shared-state,high,OnUpdateScale writes process-wide BCG(bc_precision); only the ini value is swapped per request.,no,ext/bcmath/bcmath.c:90
bcscale,function,bcmath,shared-state,high,"Writes BCG(bc_precision), the process-wide default scale, so every bcadd/bcmul/bcdiv in other in-flight requests that omits the scale argument silently rounds to this request's scale (money math).",no,"ext/bcmath/bcmath.c:90,227,276,325,364,374,418"
date.timezone,ini,date,shared-state,high,"OnUpdate_date_timezone writes DATEG(default_timezone) process-wide; only the ini value is swapped per request, so ini_set('date.timezone') changes every other request's default zone.",no,"ext/date/php_date.c:253,529-536"
date_default_timezone_set,function,date,shared-state,high,"Writes DATEG(timezone), a process-wide module global freed only in the once-per-process RSHUTDOWN, so date(), strtotime(), mktime() and DateTime objects created without an explicit zone in every other in-flight request silently use this request's timezone.",no,"ext/date/php_date.c:5459-5476,419-422,553-554"
dba_popen,function,dba,shared-state,high,"Persistent DBA handles are stored in the process-wide persistent list and shared by concurrent requests, so two requests iterate/write one handle's cursor and lock at once.",no,"ext/dba/dba.c:294-304,401,526-534"
filter_has_var,function,filter,shared-state,high,"Checks the process-wide IF_G(*_array) snapshot, reporting variables from other in-flight requests.",no,"ext/filter/filter.c:468,433-451"
filter_input,function,filter,shared-state,high,"IF_G(get_array/post_array/cookie_array/server_array) are process-wide arrays filled by php_sapi_filter while a request's variables are registered and freed only in the once-per-process RSHUTDOWN, so request A's filter_input(INPUT_GET, 'x') returns request B's raw GET value.",no,"ext/filter/filter.c:232-236,433-451,188 (RSHUTDOWN)"
filter_input_array,function,filter,shared-state,high,"Reads the same process-wide IF_G(*_array) snapshots as filter_input(), returning another request's input.",no,"ext/filter/filter.c:766,433-451"
bindtextdomain,function,gettext,shared-state,high,"Binds a domain to a directory in libintl's process-wide table (also bind_textdomain_codeset), redirecting other requests' lookups.",no,"ext/gettext/gettext.c:178,304"
textdomain,function,gettext,shared-state,high,"Sets libintl's process-wide current domain, so gettext()/_() in every other in-flight request silently translates from this request's catalogue.",no,ext/gettext/gettext.c:80
intl.default_locale,ini,intl,shared-state,high,OnUpdateStringUnempty writes INTL_G(default_locale) process-wide; only the ini value is swapped.,no,ext/intl/php_intl.c:132
Locale::setDefault,method,intl,shared-state,high,"Alters intl.default_locale whose on_modify writes INTL_G(default_locale) process-wide, so NumberFormatter/IntlDateFormatter/Collator/MessageFormatter created with a null locale in other requests silently format in this request's locale (also locale_set_default).",no,"ext/intl/php_intl.c:96-99,132"
libxml_get_errors,function,libxml,shared-state,high,"Returns the process-wide LIBXML(error_list), which accumulates errors from every request's DOM/SimpleXML/XMLReader parsing since the list is only reset by libxml_clear_errors or process RSHUTDOWN.",no,"ext/libxml/libxml.c:1192,680-706,1072-1075"
libxml_set_external_entity_loader,function,libxml,shared-state,high,Installs a process-wide LIBXML(entity_loader) callback (closure bound to request A) that resolves DTDs/entities for every other request's XML parsing.,no,ext/libxml/libxml.c:1247
libxml_set_streams_context,function,libxml,shared-state,high,"Replaces the process-wide LIBXML(stream_context), so request A's proxy/SSL/HTTP options are silently used when request B's DOMDocument::load() or simplexml_load_file() fetches a URL.",no,"ext/libxml/libxml.c:1095-1107,421,974-977"
libxml_use_internal_errors,function,libxml,shared-state,high,"Toggles the process-wide LIBXML(error_list) collection for all requests: request A enabling it makes request B's XML warnings vanish silently, and B's errors are appended to the list A later reads with libxml_get_errors().",no,"ext/libxml/libxml.c:1118-1143,657"
mb_internal_encoding,function,mbstring,shared-state,high,"Sets MBSTRG(current_internal_encoding), a process-wide global reset only by the once-per-process RINIT, so every mb_* function in other in-flight requests silently switches encoding.",no,"ext/mbstring/mbstring.c:1234,1254,1121"
mb_output_handler,function,mbstring,shared-state,high,"A single process-wide MBSTRG(outconv_state)/outconv_enabled conversion state is shared by all output buffers using it, so concurrent responses corrupt each other's multibyte sequences.",no,"ext/mbstring/mbstring.c:1554,1611,1641-1642,1164-1165"
mb_regex_encoding,function,mbstring,shared-state,high,Sets the process-wide MBSTRG(current_mbctype) used by mb_ereg*/mb_split in every request.,no,ext/mbstring/php_mbregex.c:847
mysqli_driver::$report_mode,class,mysqli,shared-state,high,Property write goes to the same process-wide MyG(report_mode) as mysqli_report().,no,ext/mysqli/mysqli_driver.c:29-38
mysqli_report,function,mysqli,shared-state,high,"Writes MyG(report_mode), a process-wide flag consulted on every mysqli error, so a request switching to MYSQLI_REPORT_OFF around a query silently turns off exceptions for every other in-flight request (and vice versa).",no,ext/mysqli/mysqli_report.c:25; ext/mysqli/mysqli_driver.c:38; ext/mysqli/mysqli_exception.c:36
odbc_pconnect,function,odbc,shared-state,high,"Persistent ODBC connections in the process-wide EG(persistent_list) are handed to concurrent requests, sharing one connection and its transaction state.",no,ext/odbc/php_odbc.c (odbc_pconnect / persistent list); reasoning (same mechanism as pg_pconnect)
PDO::__construct (PDO::ATTR_PERSISTENT with pdo_pgsql/pdo_sqlite/pdo_odbc/pdo_dblib/pdo_firebird),method,pdo,shared-state,high,"For non-mysqlnd drivers nothing refuses persistence: pdo_dbh.c hands the same EG(persistent_list) handle to a second request while the first still holds it, so both run on one connection and B's queries land inside A's open transaction.",no,"ext/pdo/pdo_dbh.c:413,494; sapi/fpmng/fpm/fpm_pool_fiber_xport.c:673 (persistent_list process-wide)"
pg_pconnect,function,pgsql,shared-state,high,"Registers the link in the process-wide EG(persistent_list) and hands the same PGconn to any concurrent request with the same connection string, so two requests share one connection and transaction state (RSHUTDOWN rollback runs once per process).",no,"ext/pgsql/pgsql.c:681-706,632,866"
posix_setuid,function,posix,shared-state,high,"Changes the credentials of the whole process, so every other in-flight request silently continues with the new uid (also posix_seteuid, posix_setgid, posix_setegid, posix_initgroups).",no,"ext/posix/posix.c:198-222,1295"
ReflectionClass::setStaticPropertyValue,method,reflection,shared-state,high,"Writes the process-wide class static (same storage as Foo::$x), silently changing the value every other in-flight request reads unless the class is in fiber.isolate_statics.",yes,frameworks.md (fiber.isolate_statics); ext/reflection/php_reflection.c (setStaticPropertyValue)
ReflectionProperty::setValue (static property),method,reflection,shared-state,high,Writing a static property through reflection updates the process-wide static members table shared by all requests.,yes,frameworks.md (fiber.isolate_statics); ext/reflection/php_reflection.c
session.use_trans_sid,ini,session,shared-state,high,"Trans-sid injects the session id through the process-wide BG(url_adapt_session_ex) rewriter (ps_globals are swapped, this BG state is not), so request A's session id can be written into request B's links and forms.",no,ext/standard/basic_functions.h (url_adapt_session_ex); ext/standard/url_scanner_ex.re; ext/session/session.c
session_start (files save handler),function,session,blocking,high,"mod_files takes flock(LOCK_EX) with a blocking syscall outside php_stream_lock(); when the lock holder is another suspended fiber in the same process the call deadlocks the whole process (proven), hence the opt-in files_arb handler.",yes,session-lock-arbiter-report.md; ext/session/mod_files.c:207
SoapClient::__soapCall,method,soap,shared-state,high,"SOAP_CLIENT_BEGIN_CODE installs this client's sdl/typemap/class_map/soap_version in the process-wide SOAP_GLOBAL for the duration of the call; the HTTP request inside suspends, another request's SOAP call overwrites them, and the resumed call decodes its response with the wrong WSDL and class map (also SoapClient::__call and magic method calls).",no,ext/soap/soap.c:90-123 (SOAP_CLIENT_BEGIN_CODE/END_CODE)
SoapServer::handle,method,soap,shared-state,high,SOAP_SERVER_BEGIN_CODE sets SOAP_GLOBAL(use_soap_error_handler)=1 and error_code='Server' process-wide while the user handler runs; any PHP warning in a concurrent non-SOAP request is routed to the SOAP error handler and turned into a SOAP fault response.,no,ext/soap/soap.c:75-87 (SOAP_SERVER_BEGIN_CODE); ext/soap/soap.c (soap_error_handler checks SOAP_GLOBAL(use_soap_error_handler))
spl_autoload_register,function,spl,shared-state,high,"Autoloaders are appended to the process-wide zend_class_autoload_functions (ZEND_TLS is a plain global in NTS), so closures bound to request A's container object keep running for request B and the list grows with every request that registers.",no,Zend/zend_autoload.c:26-91
chdir,function,standard,shared-state,high,"Changes the single process CWD, so relative paths in every other in-flight request (include 'config.php', fopen('cache/x')) silently resolve against request A's directory.",yes,NOTES.md 3q (every per-request chdir is a bug); ext/standard/dir.c:345
chroot,function,standard,shared-state,high,Changes the root directory of the whole process for every in-flight request and cannot be undone.,no,ext/standard/dir.c:314
connection_aborted,function,standard,shared-state,high,"Reads PG(connection_status), a single process-wide flag set to ABORTED by php_handle_aborted_connection for whichever request's client dropped, so request B sees request A's abort and stops work silently.",no,main/main.c:2673; main/main.c:1850 (reset only in request startup); ext/standard/basic_functions.c:2123
connection_status,function,standard,shared-state,high,"Returns the process-wide PG(connection_status) (ABORTED/TIMEOUT bits) set by any in-flight request's connection, not this request's.",no,main/main.c:1796; main/main.c:2673; ext/standard/basic_functions.c:2132
include_path,ini,standard,shared-state,high,"OnUpdateStringUnempty writes PG(include_path), which php_resolve_path uses for every include/require without absolute path in every request, so request A's set_include_path silently changes which file request B loads.",no,main/main.c:844; main/main.c:1665 (php_resolve_path uses PG(include_path))
output_add_rewrite_var,function,standard,shared-state,high,"Adds to the process-wide BG(url_adapt_output_ex) rewriter state, so request A's variable is injected into the links and forms of request B's output.",no,main/output.c:1585; ext/standard/basic_functions.h (url_adapt_output_ex)
precision,ini,standard,shared-state,high,"OnSetPrecision writes the process-wide PG(precision) used by float-to-string conversion, echo, var_dump and string interpolation in every in-flight request, while only the ini value is swapped.",yes,main/main.c:873; frameworks.md lines 376-381
putenv,function,standard,shared-state,high,"Modifies the single process environment and BG(putenv_ht), which is restored only in the process-wide RSHUTDOWN, so request A's putenv('APP_ENV=...') (phpdotenv with putenv enabled) is read by request B's getenv() and inherited by its child processes.",no,"ext/standard/basic_functions.c:746,833,439"
register_shutdown_function,function,standard,lifecycle,high,"BG(user_shutdown_function_names) is process-wide and is only executed/destroyed by php_request_shutdown, which the fiber pool calls once per container, so callbacks capturing request A's objects never run at A's end (or run at process exit with everyone's callbacks) and the table grows per request.",yes,ext/standard/basic_functions.c:1652-1734; NOTES.md 3u (no isolation of shutdown functions)
serialize,function,standard,shared-state,high,"php_var_serialize_init reuses BG(serialize).data whenever BG(serialize).level > 0, so if request A suspends inside __serialize/__sleep (lazy-load query), request B's serialize() shares A's back-reference table and both produce silently corrupt payloads; also reads process-wide PG(serialize_precision).",no,"ext/standard/var.c:1352-1364; ext/standard/var.c:142,349"
serialize_precision,ini,standard,shared-state,high,"OnSetSerializePrecision writes PG(serialize_precision) (main.c:325), which serialize(), var_export() and json_encode() read process-wide, so a request setting 17 changes other requests' float output.",no,"main/main.c:828,325; ext/standard/var.c:142,349,567,1120; ext/json/json_encoder.c:83"
set_include_path,function,standard,shared-state,high,Writes the include_path ini whose on_modify sets the process-wide PG(include_path) used by include/require resolution in every request.,no,"ext/standard/basic_functions.c:2055; main/main.c:844,1665"
setlocale,function,standard,shared-state,high,"Calls the C setlocale() for the whole process and BG(locale_changed) is only reverted at process RSHUTDOWN, so ctype_*, strcoll, localeconv, basename, escapeshellarg and printf('%f') in other requests silently switch locale.",no,ext/standard/string.c:4923; ext/standard/basic_functions.c:449-455
stream_context_set_default,function,standard,shared-state,high,"Replaces the process-wide FG(default_context), so request A's default SSL options, proxy or HTTP headers are silently used by request B's file_get_contents()/fopen() without explicit context.",no,ext/standard/streamsfuncs.c:1233; main/streams/stream_errors.c:455
strtok,function,standard,shared-state,high,"BG(strtok_string)/BG(strtok_last) hold the tokenizer state process-wide, so a strtok(delim) continuation after any I/O switch point returns tokens from another request's string.",no,ext/standard/string.c:1094-1118
umask,function,standard,shared-state,high,"Sets the process umask; BG(umask) is restored only in the once-per-process RSHUTDOWN, so files and directories created by other in-flight requests silently get request A's permissions.",no,ext/standard/file.c:1195-1209; ext/standard/basic_functions.c:443-444
unserialize,function,standard,shared-state,high,php_var_unserialize_init shares BG(unserialize).data across nested calls via BG(unserialize).level; a suspension inside __unserialize/__wakeup (e.g. Laravel SerializesModels DB fetch) lets another request's unserialize() reuse the same var_hash and resolve r:/R: references into the wrong objects.,no,"ext/standard/var.c (php_var_unserialize_init, BG(unserialize).level); ext/standard/basic_functions.h (unserialize.level)"
msg_receive,function,sysvmsg,blocking,high,"Blocking msgrcv() without MSG_IPC_NOWAIT; if the producer is another fiber in the same process it never runs, so the process deadlocks (otherwise it stalls all requests until a message arrives).",no,ext/sysvmsg/sysvmsg.c:305-314
sem_acquire,function,sysvsem,blocking,high,"Blocking semop() without IPC_NOWAIT (unless $non_blocking=true); when the semaphore is held by another suspended fiber in the same process, the holder can never run to release it and the whole process deadlocks.",no,"ext/sysvsem/sysvsem.c:226-254,272"
define,function,Zend,shared-state,high,"define() writes EG(zend_constants), one table per process, so a per-request value (request id, tenant, APP_ENV) is visible to every other in-flight request and the second request's define() of the same name only warns and keeps the first value.",yes,frameworks.md (define() process-wide); Zend/zend_constants.c zend_register_constant
Fiber::suspend,method,Zend,lifecycle,high,"The request itself runs inside the scheduler-owned engine fiber, so Fiber::suspend() from the request's main context (outside a user Fiber) suspends the whole request into the scheduler, which logs and drops it.",yes,fiber_errors.md ('dropping it'); reasoning
Foo::$static (class static properties),class,Zend,shared-state,high,"Class statics live in the process-wide class entry (default_static_members_table), so a request-scoped cache/singleton stored in a static property is read by every other in-flight request unless the class is in fiber.isolate_statics.",yes,frameworks.md (fiber.isolate_statics six-entry list); fiber_errors.md (Foo::$hits leaks under FPMNG_SHARED_INCLUDES)
ini_set,function,Zend,shared-state,high,"Only ini_entry->value is swapped per request; on_modify callbacks that copy the parsed value into process-wide module globals (precision, serialize_precision, include_path, date.timezone, mbstring.*, ...) are applied to every in-flight request and are never re-run on fiber switch.",yes,frameworks.md lines 376-381; sapi/fpmng/fpm/fpm_pool_coop_ini.c header ('What this isolation does NOT fix')
memory_limit,ini,Zend,shared-state,high,"One zend_mm heap and one limit per process; the limit applies to the sum of all in-flight requests and the fatal error it raises kills every coroutine in the process, not the offender.",yes,NOTES.md 3s and 3u; main/main.c:871 (OnChangeMemoryLimit)
require_once / include_once (FPMNG_SHARED_INCLUDES=1),function,Zend,lifecycle,high,"With the shared included_files experiment require_once returns true on the second request without executing the file, so top-of-file side effects (define(), $GLOBALS assignments, setlocale, ini_set) run only once per process.",yes,fiber_errors.md (FPMNG_SHARED_INCLUDES experiment)
static $var (function-body static variables),function,Zend,shared-state,high,"Function static variables are stored in op_array.static_variables_ptr of the process-wide function table, so a memoised per-request value (e.g. static $config = null) leaks to other requests and is never reset per request.",yes,Zend/zend_vm_def.h:9250 (ZEND_MAP_PTR_GET static_variables_ptr); frameworks.md line 675
ob_gzhandler,function,zlib,shared-state,high,"All requests share the single ZLIBG(ob_gzhandler) deflate context, so two responses compressed concurrently interleave in one z_stream and produce corrupt gzip output or cross-request bytes.",no,"ext/zlib/zlib.c:517,553-561,508-511"
bcadd (and bcsub/bcmul/bcdiv/bcmod/bcpow/bcsqrt/bccomp without explicit scale),function,bcmath,shared-state,medium,Falls back to the process-wide BCG(bc_precision) that another request's bcscale() may have changed.,no,ext/bcmath/bcmath.c:227-418
ctype_alpha (and other ctype_* functions),function,ctype,shared-state,medium,"ctype functions use isalpha()/isdigit()/... under the process-wide LC_CTYPE, so validation results change after another request's setlocale().",no,ext/ctype/ctype.c (ctype_impl uses <ctype.h> under current locale); reasoning
curl_exec,function,curl,blocking,medium,"curl_easy_perform runs libcurl's own sockets outside the streams layer, so the whole process blocks for the full HTTP round-trip (Guzzle CurlHandler, Symfony CurlHttpClient).",yes,"fiber_async_io.md (curl); ext/curl/interface.c:2398,2414"
curl_multi_exec,function,curl,blocking,medium,Drives libcurl's sockets synchronously; combined with curl_multi_select it busy-waits or blocks the whole process.,yes,fiber_async_io.md (curl); ext/curl/multi.c:230
curl_multi_select,function,curl,blocking,medium,curl_multi_wait blocks the whole process until libcurl sockets are ready or the timeout elapses.,yes,"fiber_async_io.md (curl); ext/curl/multi.c:198,219"
CurlHandle,class,curl,blocking,medium,Every transfer on a CurlHandle goes through libcurl's blocking easy/multi API rather than intercepted PHP streams.,yes,fiber_async_io.md (curl)
date,function,date,shared-state,medium,Uses the process-wide default timezone (DATEG(timezone)) that another request's date_default_timezone_set() may have changed mid-flight.,no,ext/date/php_date.c:553-566 (get_timezone_info)
date_default_timezone_get,function,date,shared-state,medium,Returns DATEG(timezone)/DATEG(default_timezone) as last set by any request.,no,"ext/date/php_date.c:5482,553-566"
date_get_last_errors,function,date,shared-state,medium,"DATEG(last_errors) is process-wide and replaced by every parse in any request, so reading it after a suspension (or in a Carbon/Symfony validation path with I/O in between) returns another request's warnings.",no,"ext/date/php_date.c:2360-2370,3124-3130"
DateTime::__construct,method,date,shared-state,medium,Without an explicit DateTimeZone the object binds the process-wide default timezone another request may have changed.,no,ext/date/php_date.c:553-566 (php_date_initialize)
DateTime::getLastErrors,method,date,shared-state,medium,Reads the same process-wide DATEG(last_errors) as date_get_last_errors().,no,"ext/date/php_date.c:2360-2370,3128"
DateTimeImmutable::__construct,method,date,shared-state,medium,Same process-wide default timezone dependency as DateTime.,no,ext/date/php_date.c:553-566
mktime,function,date,shared-state,medium,Converts using the process-wide default timezone set by any request (also gmmktime is unaffected; localtime/getdate are affected).,no,ext/date/php_date.c:553-566
strtotime,function,date,shared-state,medium,Relative parsing uses the process-wide default timezone set by any request.,no,ext/date/php_date.c:553-566
filter.default,ini,filter,shared-state,medium,Process-wide IF_G(default_filter) applies to input filtering of every request's variables.,no,ext/filter/filter.c (PHP_INI default_filter); reasoning
FTP\Connection,class,ftp,blocking,medium,Every operation on the connection is a synchronous raw-socket exchange outside the fiber interception.,no,ext/ftp/ftp.c:122
ftp_connect,function,ftp,blocking,medium,"ext/ftp uses its own raw sockets (php_network_connect_socket_to_host, my_recv/my_send with poll) outside the intercepted transports, blocking the whole process (also ftp_ssl_connect, ftp_login).",no,"ext/ftp/ftp.c:72-73,122,313"
ftp_get,function,ftp,blocking,medium,"Data transfer loops on raw sockets block the whole process for the duration (also ftp_put, ftp_fget, ftp_fput, ftp_nlist, ftp_rawlist, ftp_mlsd, ftp_nb_* which still poll synchronously).",no,"ext/ftp/ftp.c:854,957-985"
imagecopyresampled,function,gd,blocking,medium,CPU-bound resampling of large images with no suspension point freezes all requests.,no,ext/gd/gd.c (PHP_FUNCTION(imagecopyresampled)); reasoning
imagecreatefromjpeg (and imagecreatefrompng/gif/webp/avif),function,gd,blocking,medium,Synchronous file read plus CPU-bound decode of large images freezes every in-flight request for tens to hundreds of milliseconds.,no,ext/gd/gd.c (_php_image_create_from); reasoning
imagejpeg (and imagepng/imagewebp/imageavif output),function,gd,blocking,medium,CPU-bound encode plus synchronous file write on the process.,no,ext/gd/gd.c (_php_image_output); reasoning
"gettext (and _, ngettext, dgettext, dcgettext)",function,gettext,shared-state,medium,Translation follows the process-wide textdomain and LC_MESSAGES locale that any request's textdomain()/setlocale() may have changed.,no,ext/gettext/gettext.c; reasoning (libintl global state)
hash_pbkdf2,function,hash,blocking,medium,"Iteration-heavy KDF is CPU-bound with no suspension, freezing all requests.",no,ext/hash/hash.c (PHP_FUNCTION(hash_pbkdf2)); reasoning
iconv.internal_encoding,ini,iconv,shared-state,medium,"OnUpdateInternalEncoding writes ICONVG(internal_encoding) process-wide, the default charset for iconv_strlen/iconv_mime_decode/ob_iconv_handler in every request.",no,"ext/iconv/iconv.c:193-210,260-261"
iconv_set_encoding,function,iconv,shared-state,medium,Sets the iconv.* ini entries whose on_modify writes ICONVG(*) process-wide.,no,ext/iconv/iconv.c:167-211 (on_modify handlers)
intl.error_level,ini,intl,shared-state,medium,"OnUpdateErrorLevel writes INTL_G(error_level) process-wide, changing whether other requests' intl failures raise PHP errors.",no,"ext/intl/php_intl.c:116,133; ext/intl/intl_error.c:103"
intl.use_exceptions,ini,intl,shared-state,medium,Process-wide INTL_G(use_exceptions) changes whether other requests' intl failures throw IntlException.,no,ext/intl/php_intl.c:134; ext/intl/intl_error.c:107
intl_get_error_code,function,intl,shared-state,medium,"Reads INTL_G(g_error), the process-wide last-error slot written by every intl call in any request.",no,ext/intl/intl_error.c (INTL_G(g_error))
intl_get_error_message,function,intl,shared-state,medium,Reads the process-wide INTL_G(g_error) message that another request's intl call may have replaced.,no,ext/intl/intl_error.c (INTL_G(g_error))
IntlDateFormatter::__construct,method,intl,shared-state,medium,With a null locale the formatter binds the process-wide INTL_G(default_locale) set by any request.,no,ext/intl/php_intl.c:96-99
NumberFormatter::__construct,method,intl,shared-state,medium,With a null/empty locale the formatter binds the process-wide INTL_G(default_locale) set by any request.,no,ext/intl/php_intl.c:96-99 (intl_locale_get_default)
json_last_error,function,json,shared-state,medium,JSON_G(error_details) is process-wide and overwritten by every json_encode/json_decode in any request; a check separated from its decode by an I/O switch sees another request's error (also json_last_error_msg).,no,"ext/json/json.c:133,205,228,390,399"
ldap_connect / ldap_bind,function,ldap,blocking,medium,"libldap performs its own synchronous socket connect, TLS and bind outside PHP streams, blocking the whole process (also ldap_sasl_bind, ldap_start_tls).",no,ext/ldap/ldap.c
ldap_search,function,ldap,blocking,medium,"Synchronous ldap_search_ext_s waits for the directory server, blocking every in-flight request (also ldap_read, ldap_list, ldap_add, ldap_modify*, ldap_delete, ldap_rename, ldap_compare, ldap_exop).",no,ext/ldap/ldap.c
"ldap_set_option (null link, LDAP_OPT_X_TLS_*)",function,ldap,shared-state,medium,"With a null link the option is written to libldap's process-wide global defaults (TLS cert requirements, CA paths, debug level) inherited by every other request's new connections.",no,"ext/ldap/ldap.c:1023,3018-3019,3182-3183,3203"
libxml_clear_errors,function,libxml,shared-state,medium,Destroys the process-wide LIBXML(error_list) while another request is still collecting into it.,no,ext/libxml/libxml.c:1213
libxml_disable_entity_loader,function,libxml,shared-state,medium,Deprecated; toggles the process-wide LIBXML(entity_loader_disabled) flag for every request's parser.,no,"ext/libxml/libxml.c:1233,533,1031"
libxml_get_last_error,function,libxml,shared-state,medium,"Reads the last element of the process-wide LIBXML(error_list), possibly another request's parse error.",no,"ext/libxml/libxml.c:1171,890-891"
mb_detect_order,function,mbstring,shared-state,medium,Sets process-wide MBSTRG(current_detect_order_list) used by mb_detect_encoding without explicit list in every request.,no,"ext/mbstring/mbstring.c:1370,1410"
mb_ereg_search_init,function,mbstring,shared-state,medium,Stores the search string/regex in process-wide MBSTRG(search_str/search_re/search_pos); an I/O switch between init and mb_ereg_search()/mb_ereg_search_regs() lets another request replace them.,no,"ext/mbstring/php_mbregex.c:1455,1434-1509"
mb_http_output,function,mbstring,shared-state,medium,Sets process-wide MBSTRG(current_http_output_encoding) used by mb_output_handler for every request.,no,"ext/mbstring/mbstring.c:1341,1361,1122"
mb_language,function,mbstring,shared-state,medium,Sets process-wide MBSTRG(language) used by mb_send_mail/mb_encode_mimeheader defaults in every request.,no,"ext/mbstring/mbstring.c:1208,688-691"
mb_regex_set_options,function,mbstring,shared-state,medium,Sets process-wide MBSTRG(regex_default_options) used by other requests' mb_ereg calls.,no,ext/mbstring/php_mbregex.c:1598
mb_substitute_character,function,mbstring,shared-state,medium,Sets process-wide MBSTRG(current_filter_illegal_mode)/substchar used by mb_convert_encoding in every request.,no,ext/mbstring/mbstring.c:1437-1484
mbstring.detect_order,ini,mbstring,shared-state,medium,on_modify writes the process-wide default detect order list.,no,ext/mbstring/mbstring.c:939
mbstring.http_output,ini,mbstring,shared-state,medium,OnUpdate_mbstring_http_output writes process-wide MBSTRG(http_output_encoding).,no,"ext/mbstring/mbstring.c:941,774"
mbstring.internal_encoding,ini,mbstring,shared-state,medium,OnUpdate_mbstring_internal_encoding writes MBSTRG(internal_encoding) and current_internal_encoding process-wide.,no,"ext/mbstring/mbstring.c:942,810"
mbstring.language,ini,mbstring,shared-state,medium,OnUpdate_mbstring_language writes process-wide MBSTRG(language).,no,ext/mbstring/mbstring.c:938
mbstring.substitute_character,ini,mbstring,shared-state,medium,on_modify writes process-wide MBSTRG(filter_illegal_mode/substchar).,no,"ext/mbstring/mbstring.c:943,854-876"
mysqli_connect (p: persistent host prefix),function,mysqli,lifecycle,medium,Persistent mysqli links live in the process-wide EG(persistent_list); the fiber pool blocks them at the transport factory.,yes,fiber_errors.md (mysqli p: blocked)
mysqli_connect_error,function,mysqli,shared-state,medium,"Reads MyG(error_msg)/MyG(error_no), process-wide slots written by any request's failed connect (also mysqli_connect_errno).",no,"ext/mysqli/mysqli_nonapi.c:34,342,351"
mysqli_poll,function,mysqli,blocking,medium,"mysqlnd polls the connections with a raw select() on their descriptors, blocking the whole process for up to the timeout.",no,"ext/mysqli/mysqli_nonapi.c:744; ext/mysqlnd/mysqlnd_connection.c:2192,2257"
odbc_exec,function,odbc,blocking,medium,"Synchronous ODBC driver I/O outside PHP streams blocks the whole process (also odbc_connect, odbc_execute, odbc_fetch_row).",no,ext/odbc/php_odbc.c; reasoning
openssl_error_string,function,openssl,shared-state,medium,"Drains the process-wide OPENSSL_G(errors) queue (fed by the thread-local OpenSSL error stack shared by all fibers), so a request reads errors produced by another request's TLS handshake or key operation.",no,"ext/openssl/openssl.c:586-623,4464"
pcntl_alarm,function,pcntl,shared-state,medium,alarm() shares the single ITIMER_REAL/SIGALRM with the Zend timeout for the whole process; disabled by the fiber pool.,yes,fiber_errors.md (pcntl block list)
pcntl_exec,function,pcntl,lifecycle,medium,Would replace the process image serving N requests; disabled by the fiber pool.,yes,fiber_errors.md (pcntl block list)
pcntl_fork,function,pcntl,lifecycle,medium,"fork() would duplicate the whole process including every other in-flight request's fiber and sockets, so the fiber pool disables it (also pcntl_rfork, pcntl_forkx).",yes,"fiber_errors.md (pcntl block list, pcntl_fork duplicating process)"
pcntl_get_last_error,function,pcntl,shared-state,medium,"Reads PCNTL_G(last_error), a process-wide slot written by any request's pcntl call (also pcntl_strerror).",no,ext/pcntl/pcntl.c:1301
pcntl_setcpuaffinity,function,pcntl,shared-state,medium,Pins the whole process to CPUs for every in-flight request.,no,ext/pcntl/pcntl.c:1729
pcntl_setpriority,function,pcntl,shared-state,medium,Changes the scheduling priority of the whole process (default pid) for every in-flight request.,no,ext/pcntl/pcntl.c:1241
pcntl_signal,function,pcntl,shared-state,medium,"PCNTL_G(php_signal_table) and SIGG(handlers) are per process, so a request's handler would fire for every request; disabled by the fiber pool (also pcntl_signal_get_handler, pcntl_signal_dispatch, pcntl_async_signals).",yes,fiber_errors.md (pcntl block list); patches/0006 (persistent zend signal handlers)
pcntl_unshare,function,pcntl,shared-state,medium,"Moves the whole process into new namespaces, affecting every in-flight request.",no,ext/pcntl/pcntl.c:1453
pcntl_wait,function,pcntl,blocking,medium,Kept enabled but waitpid() without WNOHANG blocks the whole process until a child exits.,yes,fiber_errors.md (pcntl_wait* kept); ext/pcntl/pcntl.c:471
pcntl_waitpid,function,pcntl,blocking,medium,Blocks the whole process unless WNOHANG is passed (also pcntl_waitid).,yes,"fiber_errors.md (pcntl_wait* kept); ext/pcntl/pcntl.c:355,408"
pcre.backtrack_limit,ini,pcre,shared-state,medium,OnUpdateBacktrackLimit writes PCRE_G(backtrack_limit) process-wide; a request raising or lowering it changes whether other requests' regexes fail with PREG_BACKTRACK_LIMIT_ERROR.,no,"ext/pcre/php_pcre.c:313,348"
pcre.jit,ini,pcre,shared-state,medium,OnUpdateJit toggles PCRE_G(jit) process-wide and affects how patterns are compiled into the shared PCRE_G(pcre_cache) used by all requests.,no,"ext/pcre/php_pcre.c:334,351"
pcre.recursion_limit,ini,pcre,shared-state,medium,OnUpdateRecursionLimit writes PCRE_G(recursion_limit) process-wide for all requests.,no,"ext/pcre/php_pcre.c:323,349"
preg_last_error,function,pcre,shared-state,medium,"PCRE_G(error_code) is process-wide and reset by every preg_* call in any request, so a check after an intervening I/O switch reports another request's error (also preg_last_error_msg).",no,"ext/pcre/php_pcre.c:137,462,1234"
PDO::__construct (PDO::ATTR_PERSISTENT with pdo_mysql),method,pdo,lifecycle,medium,Persistent PDO handles live in the process-wide EG(persistent_list) and would be shared by concurrent requests; the mysqlnd transport factory refuses them loudly.,yes,"fiber_errors.md (PDO ATTR_PERSISTENT desync, persistent blocked); ext/pdo/pdo_dbh.c:394-494"
PDO::query (pdo_odbc),method,pdo_odbc,blocking,medium,"ODBC drivers perform synchronous network I/O outside PHP streams, blocking the whole process (also pdo_dblib and pdo_firebird).",no,ext/pdo_odbc/odbc_driver.c; reasoning
PDO::__construct (pdo_pgsql),method,pdo_pgsql,blocking,medium,"PQconnectdb blocks the whole process for the TCP connect, DNS and authentication round-trips.",yes,fiber_async_io.md (libpq); ext/pdo_pgsql/pgsql_driver.c
PDO::query (pdo_pgsql),method,pdo_pgsql,blocking,medium,"libpq PQexec is synchronous on libpq's own socket, so the whole process blocks for every query (also PDO::exec, PDO::prepare, PDOStatement::execute, PDO::beginTransaction/commit).",yes,fiber_async_io.md (libpq); ext/pdo_pgsql/pgsql_driver.c
PDO::__construct (pdo_sqlite),method,pdo_sqlite,blocking,medium,Default PDO_ATTR_TIMEOUT of 60 s installs an in-process sqlite3_busy_timeout that sleeps in a loop; when the lock holder is another suspended fiber in the same process the busy loop can never succeed and stalls all requests for the full timeout.,no,"ext/pdo_sqlite/sqlite_driver.c:897,935-937,333"
PDOStatement::execute (pdo_sqlite),method,pdo_sqlite,blocking,medium,Synchronous disk I/O plus the in-process busy handler wait when another request in the same process holds the database lock.,no,ext/pdo_sqlite/sqlite_driver.c:937; reasoning
pg_connect,function,pgsql,blocking,medium,"PQconnectdb blocks the whole process for connect, DNS and authentication.",yes,fiber_async_io.md (libpq); ext/pgsql/pgsql.c:837
pg_copy_from,function,pgsql,blocking,medium,"Synchronous PQputCopyData/PQputCopyEnd on libpq's socket (also pg_copy_to, pg_lo_import, pg_lo_export) blocks the whole process.",yes,"fiber_async_io.md (libpq); ext/pgsql/pgsql.c:3445,2891"
pg_get_result,function,pgsql,blocking,medium,PQgetResult blocks until the server answers unless pg_connection_busy/pg_socket polling is used.,yes,fiber_async_io.md (libpq); ext/pgsql/pgsql.c:4263
pg_query,function,pgsql,blocking,medium,"PQexec is synchronous on libpq's socket, blocking every in-flight request (also pg_query_params, pg_execute, pg_prepare).",yes,"fiber_async_io.md (libpq); ext/pgsql/pgsql.c:1137,1259,1442"
phar.readonly,ini,phar,shared-state,medium,"phar_ini_modify_handler writes PHAR_G(readonly) process-wide (can only be tightened at runtime), so one request's ini_set makes other requests' Phar writes fail.",no,ext/phar/phar.c:184
phar.require_hash,ini,phar,shared-state,medium,phar_ini_modify_handler writes process-wide PHAR_G(require_hash) for every request's phar loading.,no,ext/phar/phar.c:185
Phar::interceptFileFuncs,method,phar,shared-state,medium,"Sets PHAR_G(intercepted) and swaps the fopen/file_get_contents/is_file/... handlers process-wide, so every other request's file functions start resolving phar paths.",no,"ext/phar/func_interceptors.c:825,27,157"
Phar::mount,method,phar,shared-state,medium,"Adds a mount to the phar's entry in the process-wide PHAR_G(phar_fname_map), visible to every request using that archive.",no,"ext/phar/phar_object.c (PHP_METHOD(Phar, mount))"
Phar::mungServer,method,phar,shared-state,medium,"Writes the process-wide PHAR_G(phar_SERVER_mung_list), rewriting $_SERVER entries for other requests served from phars.",no,"ext/phar/phar_object.c (PHP_METHOD(Phar, mungServer))"
posix_get_last_error,function,posix,shared-state,medium,"Reads POSIX_G(last_error), a process-wide slot written by any request's failing posix_* call (also posix_errno).",no,"ext/posix/posix.c:122-352,1270"
posix_getcwd,function,posix,shared-state,medium,Returns the process CWD that any request's chdir() may have changed.,yes,NOTES.md 3q; ext/posix/posix.c:582
posix_setrlimit,function,posix,shared-state,medium,Changes resource limits of the whole process for every in-flight request.,no,ext/posix/posix.c:1228
posix_setsid,function,posix,shared-state,medium,"Changes the session/process group of the whole process (also posix_setpgid), affecting signal delivery for every request.",no,"ext/posix/posix.c:291,299"
mt_srand,function,random,shared-state,medium,"Seeds the process-wide Mt19937 global engine, so the mt_rand()/rand()/shuffle()/array_rand() sequence of every other in-flight request becomes deterministic and predictable from this request's seed.",no,ext/random/random.c:485; ext/random/random.c:803-809 (RINIT resets seeded flag once per process)
srand,function,random,shared-state,medium,Alias of mt_srand: seeds the process-wide global engine for all requests.,no,ext/random/random.c:485
ReflectionClass::getStaticPropertyValue,method,reflection,shared-state,medium,Reads the process-wide class static as last written by any request (also ReflectionClass::getStaticProperties).,yes,frameworks.md (fiber.isolate_statics); ext/reflection/php_reflection.c
session.save_handler,ini,session,blocking,medium,The default 'files' handler is the one with the in-process flock deadlock; redis/memcached handlers through intercepted transports are the safe choice.,yes,session-lock-arbiter-report.md; ext/session/mod_files.c:207
session_gc,function,session,blocking,medium,"The files handler walks the whole save_path directory synchronously (also triggered by session.gc_probability in the per-request session RINIT), stalling all requests for the scan.",no,ext/session/session.c:2728; ext/session/mod_files.c (ps_gc_files)
snmp_set_quick_print,function,snmp,shared-state,medium,"netsnmp_ds_set_boolean writes net-snmp's process-wide library defaults used by every request's SNMP output (also snmp_set_enum_print, snmp_set_oid_output_format, snmp_set_valueretrieval via SNMP_G).",no,"ext/snmp/snmp.c:1473-1487,1246,1403-1423"
snmpget,function,snmp,blocking,medium,"net-snmp sends UDP requests synchronously with retries and timeouts of seconds, blocking the whole process (also snmpwalk, snmprealwalk, snmpset, snmp2_*, snmp3_*, SNMP::get/walk/set).",no,ext/snmp/snmp.c
use_soap_error_handler,function,soap,shared-state,medium,Sets the process-wide SOAP_GLOBAL(use_soap_error_handler) for every request's error handling.,no,ext/soap/soap.c (PHP_FUNCTION(use_soap_error_handler))
Socket,class,sockets,blocking,medium,All ext/sockets operations are raw blocking syscalls outside the streams layer.,yes,fiber_async_io.md (ext/sockets)
socket_accept,function,sockets,blocking,medium,Blocking accept() stalls the whole process until a peer connects.,yes,fiber_async_io.md (ext/sockets); ext/sockets/sockets.c:727
socket_addrinfo_lookup,function,sockets,blocking,medium,Synchronous getaddrinfo blocks the whole process.,yes,fiber_async_io.md (DNS); ext/sockets/sockets.c:2772
socket_connect,function,sockets,blocking,medium,Blocking connect() (including its getaddrinfo) stalls the whole process for the TCP handshake.,yes,fiber_async_io.md (ext/sockets); ext/sockets/sockets.c:1202
socket_import_stream,function,sockets,blocking,medium,Turns an intercepted tcp:// stream into a raw Socket whose reads/writes bypass the fiber interception and block.,no,ext/sockets/sockets.c:2630
socket_last_error,function,sockets,shared-state,medium,"Without a socket argument returns SOCKETS_G(last_error), a process-wide slot written by every socket call in any request (also socket_clear_error).",no,"ext/sockets/sockets.c:2543,2565"
socket_read,function,sockets,blocking,medium,recv() on a raw ext/sockets descriptor blocks the whole process until data arrives.,yes,fiber_async_io.md (ext/sockets); ext/sockets/sockets.c:928
socket_recv,function,sockets,blocking,medium,Blocking recv() on a raw socket stalls the whole process.,yes,fiber_async_io.md (ext/sockets); ext/sockets/sockets.c:1414
socket_recvfrom,function,sockets,blocking,medium,Blocking recvfrom() stalls the whole process.,yes,fiber_async_io.md (ext/sockets); ext/sockets/sockets.c:1493
socket_recvmsg,function,sockets,blocking,medium,Blocking recvmsg() stalls the whole process.,yes,fiber_async_io.md (ext/sockets); ext/sockets/sendrecvmsg.c:217
socket_select,function,sockets,blocking,medium,select() on raw sockets blocks the whole process for up to the timeout.,yes,fiber_async_io.md (ext/sockets); ext/sockets/sockets.c:614
sodium_crypto_pwhash,function,sodium,blocking,medium,"Argon2 is memory-hard and CPU-bound for hundreds of milliseconds with no suspension point, freezing every request (also sodium_crypto_pwhash_str and _str_verify, sodium_crypto_pwhash_scryptsalsa208sha256).",no,ext/sodium/libsodium.c; reasoning
spl_autoload_unregister,function,spl,shared-state,medium,"Removes an autoloader from the process-wide zend_class_autoload_functions list while another in-flight request still relies on it, producing 'Class not found' in that request.",no,Zend/zend_autoload.c:26; ext/spl/php_spl.c
SQLite3::busyTimeout,method,sqlite3,blocking,medium,"Installs sqlite3_busy_timeout, an in-process sleep loop; if the lock holder is another suspended fiber in the same process the wait always runs to the full timeout, stalling every request.",no,ext/sqlite3/sqlite3.c:346-370
arg_separator.output,ini,standard,shared-state,medium,Process-wide PG(arg_separator).output changes the separator http_build_query() emits for every other request.,no,main/main.c:829; ext/standard/http.c:118
array_udiff,function,standard,shared-state,medium,Uses BG(user_compare_fci) for the user comparator (also array_udiff_assoc/array_udiff_uassoc/array_uintersect*/array_diff_ukey/array_intersect_ukey); a suspension inside the callback lets another request replace it.,no,"ext/standard/array.c:5366-6124,863-866"
assert.active,ini,standard,shared-state,medium,"Writes process-wide ASSERTG(active) (deprecated), disabling assert() evaluation for every other request.",no,ext/standard/assert.c:121
assert.bail,ini,standard,shared-state,medium,Process-wide ASSERTG(bail) makes a failing assert() in any request bail out.,no,ext/standard/assert.c:123
assert_options,function,standard,shared-state,medium,Deprecated setter that writes the process-wide assert_globals used by assert() in every request.,no,ext/standard/assert.c (assert_options writes ASSERTG)
basename,function,standard,shared-state,medium,php_basename uses locale-dependent multibyte handling (mblen) under the process-wide LC_CTYPE another request may have changed.,no,ext/standard/string.c:1452
clearstatcache,function,standard,shared-state,medium,Clears the process-wide single-entry stat cache BG(CurrentStatFile) used by all requests; conversely the cache is never cleared at request boundaries so file_exists/filemtime can return another request's cached result.,no,"ext/standard/filestat.c:703,684-686,791-829"
crypt,function,standard,blocking,medium,Synchronous bcrypt/sha512-crypt with configurable rounds freezes the process.,no,ext/standard/crypt.c; reasoning
default_socket_timeout,ini,standard,shared-state,medium,"OnUpdateLong writes FG(default_socket_timeout) process-wide, so a request setting a short timeout makes other requests' new connections (mysqlnd, redis, http wrapper) time out early.",no,ext/standard/file.c:148; main/streams/transports.c:66; main/streams/xp_socket.c:1104
display_errors,ini,standard,shared-state,medium,"OnUpdateDisplayErrors writes PG(display_errors) process-wide, so request A's ini_set('display_errors', 1) makes request B print its warnings into its response.",no,main/main.c:803
dns_check_record,function,standard,blocking,medium,Synchronous resolver query (also checkdnsrr alias) blocks the whole process.,yes,fiber_async_io.md (DNS); ext/standard/dns.c
dns_get_mx,function,standard,blocking,medium,Synchronous MX lookup (also getmxrr alias) blocks the whole process.,yes,fiber_async_io.md (DNS); ext/standard/dns.c
dns_get_record,function,standard,blocking,medium,Synchronous res_nsearch/res_search blocks the whole process for the DNS round-trip and retries.,yes,fiber_async_io.md (DNS); ext/standard/dns.c:806
error_clear_last,function,standard,shared-state,medium,"Clears the process-wide PG(last_error_*) fields, discarding an error another in-flight request has not yet read.",no,ext/standard/basic_functions.c:1449-1458; main/main.c:1353
error_get_last,function,standard,shared-state,medium,PG(last_error_message)/type/file/line are process-wide and are overwritten by any warning raised in another request between this request's failing call and its error_get_last() (any I/O in between is a switch point).,no,"main/main.c:1261-1263, 1305-1308; ext/standard/basic_functions.c:1424"
error_log,ini,standard,shared-state,medium,"on_modify writes PG(error_log) process-wide, so errors of request B are logged to the file request A configured with ini_set('error_log').",no,main/main.c:840
escapeshellarg,function,standard,shared-state,medium,"Uses locale-dependent mblen() under the process-wide LC_CTYPE, so quoting of multibyte arguments follows another request's setlocale().",no,ext/standard/exec.c:483
exec,function,standard,blocking,medium,fork+exec then a blocking read of the child's stdout until it exits; the whole process (all in-flight requests) stalls for the child's lifetime.,no,ext/standard/exec.c:240 (php_exec)
fdatasync,function,standard,blocking,medium,"fdatasync(2) waits for the disk, stalling every in-flight request.",no,ext/standard/file.c:1338
fopen (FIFO or php://stdin),function,standard,blocking,medium,Opening a FIFO blocks until a writer appears and reading php://stdin blocks on the shared process stdin indefinitely.,no,main/streams/plain_wrapper.c; main/streams/php_fopen_wrapper.c
fsync,function,standard,blocking,medium,"fsync(2) waits for the disk to flush, stalling every in-flight request for milliseconds to seconds.",no,ext/standard/file.c:1319
get_include_path,function,standard,shared-state,medium,Returns the process-wide PG(include_path) another request may have changed.,no,ext/standard/basic_functions.c (get_include_path reads PG(include_path))
getcwd,function,standard,shared-state,medium,"Returns the process CWD, which reflects the last chdir() of any request rather than this request's script directory (the pool deliberately skips the per-script chdir).",yes,sapi/fpmng/fpm/fpm_pool_coop.c (zend_execute_scripts instead of php_execute_script to avoid chdir); ext/standard/dir.c:379
getenv,function,standard,shared-state,medium,Reads the process environment that any concurrent request may have changed with putenv().,no,ext/standard/basic_functions.c (php_getenv reads environ); reasoning
gethostbyaddr,function,standard,blocking,medium,Synchronous reverse lookup blocks the whole process.,yes,fiber_async_io.md (DNS); ext/standard/dns.c
gethostbyname,function,standard,blocking,medium,Synchronous resolver call outside the evdns-backed connect path blocks the whole process for the DNS round-trip.,yes,fiber_async_io.md (DNS); ext/standard/dns.c:217
gethostbynamel,function,standard,blocking,medium,Synchronous getaddrinfo outside the intercepted connect path blocks the whole process.,yes,fiber_async_io.md (DNS); ext/standard/dns.c
getlastmod,function,standard,shared-state,medium,"BG(page_mtime)/page_inode cache is filled by the first script that asks and reset only at process RSHUTDOWN, so in a pool serving several scripts other requests get the first script's mtime.",no,ext/standard/pageinfo.c:148; ext/standard/basic_functions.c:485
getmyinode,function,standard,shared-state,medium,Same BG(page_inode) once-per-process cache as getlastmod.,no,ext/standard/pageinfo.c:128
ignore_user_abort,function,standard,shared-state,medium,"Writes the ini entry whose on_modify updates the process-wide PG(ignore_user_abort), so request A's ignore_user_abort(true) also stops request B from bailing out when B's client disconnects.",no,main/main.c:814; main/main.c:2676 (if (!PG(ignore_user_abort)) bailout)
ignore_user_abort,ini,standard,shared-state,medium,on_modify writes the process-wide PG(ignore_user_abort) consulted when any request's client aborts.,no,main/main.c:814; main/main.c:2676
internal_encoding,ini,standard,shared-state,medium,Process-wide PG(internal_encoding) is the fallback charset for htmlspecialchars/mbstring/iconv in every request.,no,main/main.c:837
localeconv,function,standard,shared-state,medium,Returns the process-wide C locale numeric/monetary data that another request's setlocale() may have changed.,no,ext/standard/string.c:5639
log_errors,ini,standard,shared-state,medium,"Process-wide PG(log_errors), so one request disabling error logging silences other requests' errors in the log.",no,main/main.c:816
mail,function,standard,blocking,medium,"popen()s sendmail and writes the message through a blocking pipe then pclose() waits for the MTA, stalling all requests for the sendmail round-trip.",no,"ext/standard/mail.c:264,568"
memory_get_peak_usage,function,standard,shared-state,medium,"Peak is process-wide and never reset per request, so it reflects the busiest moment of any concurrent request.",no,reasoning (one zend_mm heap per process)
memory_get_usage,function,standard,shared-state,medium,"Reports the single process heap shared by all in-flight requests, so per-request memory accounting (Symfony profiler, Laravel Telescope, memory guards) is inflated by other requests.",no,reasoning (one zend_mm heap per process; NOTES.md 3s memory_limit per process)
nl_langinfo,function,standard,shared-state,medium,Reads process-wide C locale data changed by any request's setlocale().,no,ext/standard/string.c:243
open_basedir,ini,standard,shared-state,medium,"OnUpdateBaseDir tightens PG(open_basedir) for the whole process, so a request narrowing its own open_basedir at runtime makes other requests fail with 'open_basedir restriction in effect'.",no,main/main.c:846 (OnUpdateBaseDir)
openlog,function,standard,shared-state,medium,"Sets the process-wide syslog ident/facility (BG(syslog_device)), so another request's syslog() lines are tagged with this request's ident.",no,ext/standard/syslog.c:57
output_reset_rewrite_vars,function,standard,shared-state,medium,Resets the process-wide output rewriter while another request still expects its variables to be appended.,no,main/output.c:1572
passthru,function,standard,blocking,medium,Blocking read of the child's output until exit stalls every in-flight request.,no,ext/standard/exec.c:254
password_hash,function,standard,blocking,medium,"bcrypt/argon2 hashing is CPU-bound for 50-500 ms with no suspension point, freezing every other in-flight request for that time.",no,ext/standard/password.c; reasoning (no yield inside crypt)
password_verify,function,standard,blocking,medium,"Recomputes the bcrypt/argon2 hash synchronously, freezing all requests for the hash cost.",no,ext/standard/password.c; reasoning
pclose,function,standard,blocking,medium,"Waits for the child process to exit, stalling every in-flight request.",no,ext/standard/file.c:846; main/streams/plain_wrapper.c:550
pfsockopen,function,standard,lifecycle,medium,Persistent socket via EG(persistent_list) shared by all in-flight requests; refused by the fiber transport factory.,yes,fiber_errors.md (persistent connections blocked)
popen,function,standard,blocking,medium,Returns a plain (non-intercepted) pipe stream; fgets/fread on it and pclose()'s wait block the whole process until the child writes or exits.,no,ext/standard/file.c:789; main/streams/plain_wrapper.c:550
proc_close,function,standard,blocking,medium,waitpid() without WNOHANG on the child stalls every in-flight request until it exits.,no,"ext/standard/proc_open.c:374,257"
proc_nice,function,standard,shared-state,medium,"Changes the nice value of the whole process, slowing or prioritising every in-flight request.",no,ext/standard/exec.c:534
proc_open,function,standard,blocking,medium,"Child pipes are plain streams outside the transport interception, so reading them (Symfony Process) blocks the process; proc_close()/resource dtor waitpid() blocks until exit.",no,"ext/standard/proc_open.c:1208,250-281"
register_tick_function,function,standard,shared-state,medium,"BG(user_tick_functions) is a process-wide list run from the tick hook, so request A's tick callback fires while request B's declare(ticks) code executes and the list is only destroyed at process RSHUTDOWN.",yes,ext/standard/basic_functions.c:2302-2332; fiber_errors.md (PG(tick_functions) growth)
set_time_limit,function,standard,shared-state,medium,Arms the single process-wide Zend timeout (setitimer) for whatever code happens to be running when it fires; the pool restores max_execution_time after the script but a request-scoped limit still applies to everyone.,yes,fiber_errors.md (set_time_limit mitigation); Zend/zend_execute_API.c:1567-1631 (setitimer)
shell_exec,function,standard,blocking,medium,Blocking popen/read until the child exits stalls every in-flight request.,no,ext/standard/exec.c:496
sprintf (%f and %F with locale-aware conversion),function,standard,shared-state,medium,The lowercase %f conversion uses localeconv() decimal point of the process-wide locale another request may have set.,no,ext/standard/formatted_print.c (php_sprintf_appenddouble uses localeconv for 'f'); reasoning
strcoll,function,standard,shared-state,medium,Locale-dependent collation follows the process-wide LC_COLLATE set by another request's setlocale().,no,ext/standard/string.c:429
stream_context_get_default,function,standard,shared-state,medium,Returns and lets the caller mutate the process-wide FG(default_context) shared by all requests.,no,ext/standard/streamsfuncs.c:1189
stream_filter_register,function,standard,shared-state,medium,"Registers into the process-wide BG(user_filter_map); the second request registering the same filter name gets a warning and false, and filter classes bound to another request stay resolvable.",no,ext/standard/user_filters.c:583; ext/standard/basic_functions.h (user_filter_map)
stream_socket_client (STREAM_CLIENT_PERSISTENT),function,standard,lifecycle,medium,"Persistent transports live in the process-wide EG(persistent_list) and would be handed to concurrent requests, so the fiber transport factory refuses them loudly.",yes,fiber_errors.md (persistent connections blocked); sapi/fpmng/fpm/fpm_pool_fiber_xport.c:673
stream_socket_client (udp:// and udg:// transports),function,standard,blocking,medium,"Only tcp, unix and TLS transport factories are replaced; udp/udg streams keep the blocking xp_socket ops, so fread() waiting for a datagram (statsd, syslog, DNS-over-UDP libraries) stalls the process.",no,sapi/fpmng/fpm/fpm_pool_fiber_xport.c (registers tcp and unix only); main/streams/xp_socket.c
stream_wrapper_register,function,standard,shared-state,medium,"Registers into FG(stream_wrappers), a process-wide copy of the wrapper table only freed at process RSHUTDOWN, so wrappers (vfs mocks, custom s3://) appear in other requests and the second request gets 'Protocol already registered'.",no,"main/streams/streams.c:1821-1837,1732"
stream_wrapper_unregister,function,standard,shared-state,medium,"Removes a wrapper from the process-wide FG(stream_wrappers) (a common hardening step for phar://), breaking that scheme for other in-flight requests.",no,main/streams/streams.c:1842-1846
syslog,function,standard,shared-state,medium,Logs under whichever ident/facility the last openlog() of any request set; closelog() by another request resets it mid-request.,no,ext/standard/syslog.c:93
system,function,standard,blocking,medium,Blocking popen/read loop until the child exits stalls every in-flight request.,no,ext/standard/exec.c:247
time_sleep_until,function,standard,blocking,medium,"Not swapped by the sleep interception (only sleep/usleep/time_nanosleep are), so it blocks the whole process until the given timestamp.",yes,sapi/fpmng/fpm/fpm_pool_fiber_sleep.c:217-224; spike-sleep-yield-report.md line 156
uasort,function,standard,shared-state,medium,Same BG(user_compare_fci) sharing as usort: a suspension inside the comparator lets another request replace the callback.,no,"ext/standard/array.c:841,790-796"
uksort,function,standard,shared-state,medium,Same BG(user_compare_fci) sharing as usort.,no,"ext/standard/array.c:908,790-796"
unserialize_callback_func,ini,standard,shared-state,medium,"Process-wide PG(unserialize_callback_func) is called by unserialize() in any request when a class is missing, so request A's callback (e.g. an autoloader closure name) runs for request B's payloads.",no,main/main.c:827; ext/standard/var_unserializer.re:1252-1259
usort,function,standard,shared-state,medium,The comparator is stored in the process-wide BG(user_compare_fci); if the callback suspends (DB call inside a comparator) another request's usort overwrites it and this sort resumes calling the wrong callback.,no,"ext/standard/array.c:750-753,790-796,809"
msg_send,function,sysvmsg,blocking,medium,Blocking msgsnd() when the queue is full (blocking=true default) stalls the whole process until a consumer drains it.,no,ext/sysvmsg/sysvmsg.c:431
class_alias,function,Zend,redeclaration,medium,"class_alias() inserts into the process-wide EG(class_table); the second request executing the same alias gets 'Cannot declare class X, because the name is already in use' and returns false.",no,Zend/zend_builtin_functions.c ZEND_FUNCTION(class_alias); reasoning (same table as class declarations)
const (top-level constant declaration),constant,Zend,redeclaration,medium,A top-level const in the entry script registers into the process-wide EG(zend_constants); when the script is recompiled for the next request the declaration fails with 'Constant X already defined' and any changed value is silently ignored.,yes,frameworks.md; reasoning (same table as define())
exit,function,Zend,lifecycle,medium,"exit() longjmps to the fiber-local EG(bailout) so only the request unwinds, but it skips the request's own shutdown functions (run once per process) and leaves CG(unclean_shutdown) set for the shared engine.",yes,NOTES.md 3t (CG(unclean_shutdown) shared); Zend/zend_fibers.c:129-148 (bailout per fiber)
Fiber::getCurrent,method,Zend,shared-state,medium,"Returns the SAPI's engine fiber instead of null, so libraries that check Fiber::getCurrent() to decide whether they run inside a user fiber (Revolt/amphp, Laravel Concurrency) take the wrong path.",no,reasoning (zend_fibers.c: EG(active_fiber) is the scheduler-started fiber)
Fiber::start / Fiber::resume (I/O inside a nested user Fiber),method,Zend,blocking,medium,"Inside a user-created Fiber the interception layer cannot suspend to the scheduler (can_wait()==0) and falls back to blocking I/O, stalling every request in the process.",yes,NOTES.md 3x (nested user Fiber can_wait()==0 falls back to blocking)
gc_disable,function,Zend,shared-state,medium,"Disables cycle collection for the whole process (GC_G is not per request), so cyclic garbage from every other in-flight request accumulates until memory_limit kills all of them.",no,Zend/zend_builtin_functions.c:199-205; Zend/zend.c:269 (zend.enable_gc is ZEND_INI_ALL)
gc_enable,function,Zend,shared-state,medium,"Toggles zend.enable_gc / GC_G(gc_enabled) for the whole process, so one request's gc_enable() overrides another's gc_disable() while both are in flight.",no,Zend/zend_builtin_functions.c:186-192; Zend/zend.c:126 OnUpdateGCEnabled
ini_restore,function,Zend,shared-state,medium,"Restores the ini VALUE but re-runs on_modify, writing the baseline back into a process-wide global while another request expects its own runtime value there.",no,reasoning (same on_modify path as ini_set)
require / include (files declaring functions or classes),function,Zend,redeclaration,medium,"EG(included_files) is per request but EG(function_table)/EG(class_table) are per process, so the second request that includes a file declaring a named class or function dies with 'Cannot redeclare'.",yes,fiber_errors.md; fiber_async_io.md (Overriding note)
trigger_error (E_USER_ERROR) / fatal errors,function,Zend,lifecycle,medium,"A bailout in the middle of C code leaves process-wide module state (BG(serialize).level, MBSTRG outconv state, SOAP_GLOBAL, ZLIBG(ob_gzhandler)) as it was, and the next request in the same process inherits it.",yes,NOTES.md 3u (fatal/bailout can damage shared state)
zend.assertions,ini,Zend,shared-state,medium,"OnUpdateAssertions writes EG(assertions) process-wide (values can only be lowered at runtime), so a request setting 0 disables assert() for every other in-flight request.",no,"Zend/zend.c:160-170,268"
zend.enable_gc,ini,Zend,shared-state,medium,OnUpdateGCEnabled toggles the process-wide collector for all requests.,no,"Zend/zend.c:126,269"
zend.exception_ignore_args,ini,Zend,shared-state,medium,Process-wide EG(exception_ignore_args); a request enabling argument capture exposes argument values (passwords) in other requests' stack traces.,no,Zend/zend.c:276
ZipArchive::close,method,zip,blocking,medium,Compresses and writes all pending entries synchronously on the process.,no,"ext/zip/php_zip.c (PHP_METHOD(ZipArchive, close)); reasoning"
ZipArchive::extractTo,method,zip,blocking,medium,"Synchronous decompression and file writes for the whole archive can take seconds, freezing every request.",no,"ext/zip/php_zip.c (PHP_METHOD(ZipArchive, extractTo)); reasoning"
zlib.output_compression,ini,zlib,shared-state,medium,OnUpdate_zlib_output_compression writes ZLIBG(output_compression) process-wide and at runtime starts the handler; a request toggling it changes whether other requests' output is compressed.,no,"ext/zlib/zlib.c:1277-1309,336-340"
bzopen / bzread / bzwrite,function,bz2,blocking,low,Compressed plain-file I/O plus CPU-bound bzip2 on the process.,yes,fiber_async_io.md (plain files); ext/bz2/bz2.c
strftime,function,date,shared-state,low,Deprecated; formats through the C library using the process-wide locale and timezone another request may have changed.,no,ext/date/php_date.c:1372
dba_open,function,dba,blocking,low,Synchronous file-backed database I/O; the default lock file uses php_stream_lock (intercepted).,yes,fiber_async_io.md (plain files); ext/dba/dba.c:526
DOMDocument::load,method,dom,blocking,low,"Loading a local file goes through libxml's synchronous file I/O (http:// URLs use intercepted PHP streams); also DOMDocument::loadHTMLFile, DOMDocument::save.",yes,fiber_async_io.md (plain files); ext/dom/document.c
exif.encode_unicode,ini,exif,shared-state,low,"OnUpdateEncode writes EXIF_G(encode_unicode) process-wide for all requests' EXIF decoding (also exif.decode_unicode_*, exif.encode_jis, exif.decode_jis_*).",no,ext/exif/exif.c:137-142
exif_read_data,function,exif,blocking,low,"Synchronous plain-file read of the image header (also exif_thumbnail, exif_imagetype).",yes,fiber_async_io.md (plain files); ext/exif/exif.c
finfo_file,function,fileinfo,blocking,low,"Synchronous read of the target file and, on first use, of the magic database (also finfo_open, mime_content_type, finfo::file).",yes,"fiber_async_io.md (plain files); ext/fileinfo/fileinfo.c:128,282,381"
hash_file,function,hash,blocking,low,"Reads the file through the plain wrapper synchronously (also hash_hmac_file, hash_update_file).",yes,fiber_async_io.md (plain files); ext/hash/hash.c
iconv.input_encoding,ini,iconv,shared-state,low,on_modify writes process-wide ICONVG(input_encoding).,no,"ext/iconv/iconv.c:167,208"
iconv.output_encoding,ini,iconv,shared-state,low,on_modify writes process-wide ICONVG(output_encoding) used by ob_iconv_handler in every request.,no,"ext/iconv/iconv.c:180,209"
json_encode,function,json,shared-state,low,Float formatting follows the process-wide PG(serialize_precision) another request may have set through ini_set.,no,ext/json/json_encoder.c:83
mb_http_input,function,mbstring,shared-state,low,"Returns MBSTRG(http_input_identify), which is set during input decoding and overwritten process-wide by the next request's input.",no,"ext/mbstring/mbstring.c:1264,1546,1149"
mbstring.http_input,ini,mbstring,shared-state,low,on_modify writes the process-wide http input encoding list used at input decoding.,no,ext/mbstring/mbstring.c:940
mbstring.regex_retry_limit,ini,mbstring,shared-state,low,OnUpdateLong writes process-wide MBSTRG(regex_retry_limit) for all mb_ereg calls.,no,ext/mbstring/mbstring.c:960
mbstring.regex_stack_limit,ini,mbstring,shared-state,low,OnUpdateLong writes process-wide MBSTRG(regex_stack_limit) for all mb_ereg calls.,no,ext/mbstring/mbstring.c:959
mysqli_get_client_stats,function,mysqli,shared-state,low,mysqlnd statistics are per process and never reset per request because mysqlnd RINIT/RSHUTDOWN run once per container.,yes,NOTES.md 3t (mysqlnd stats); ext/mysqli/mysqli_nonapi.c:443
opcache.enable,ini,opcache,lifecycle,low,"The fiber executor refuses to start with OPcache enabled (shared memory script cache assumes one request per process), so opcache_* functions are unavailable and every request recompiles its script.",yes,fiber_errors.md lines 16-19
openssl_pkey_new,function,openssl,blocking,low,"RSA key generation is CPU-bound for hundreds of milliseconds with no suspension point, freezing all requests.",no,ext/openssl/openssl.c (PHP_FUNCTION(openssl_pkey_new)); reasoning
openssl_x509_export_to_file,function,openssl,blocking,low,"Writes through a blocking plain-file BIO (also openssl_pkey_export_to_file, openssl_csr_export_to_file, openssl_pkcs12_export_to_file).",yes,fiber_async_io.md (plain files); ext/openssl/openssl.c
ssl.allow_blocking (stream context option),constant,openssl,lifecycle,low,"TLS contexts requesting blocking mode cannot be intercepted, so the fiber build refuses the connect with a warning instead of silently blocking.",yes,fiber_errors.md (TLS refusals); patches/0007-fiber-tls-nonblocking-transports.patch
pcntl_sigprocmask,function,pcntl,shared-state,low,"Process-wide signal mask change; disabled by the fiber pool (also pcntl_sigwaitinfo, pcntl_sigtimedwait which would also block).",yes,fiber_errors.md (pcntl block list)
Phar::__construct / phar:// wrapper,method,phar,blocking,low,Reading and extracting archive entries is synchronous plain-file I/O on the process.,yes,fiber_async_io.md (plain files); ext/phar/stream.c
posix_mkfifo,function,posix,blocking,low,Opening the created FIFO with fopen() blocks the process until the other end appears.,no,ext/posix/posix.c:607
mt_rand,function,random,shared-state,low,"Consumes the process-wide global Mt19937 stream, so sequences interleave across requests and a seed set by another request applies.",no,ext/random/random.c:517
rand,function,random,shared-state,low,Same process-wide global engine as mt_rand.,no,ext/random/random.c:555
readline,function,readline,blocking,low,Blocks on the shared process stdin until a line arrives.,no,ext/readline/readline.c:122
ReflectionFunction::getStaticVariables,method,reflection,shared-state,low,Returns the function's process-wide static variables as last set by any request.,no,ext/reflection/php_reflection.c (getStaticVariables); Zend/zend_vm_def.h:9250
session.auto_start,ini,session,lifecycle,low,"Auto-start would open the session in a per-process RINIT before the per-request session swap, so the fiber pool refuses it.",yes,session-lock-arbiter-report.md lines 119-215
session_regenerate_id (files save handler),function,session,blocking,low,Creates and unlinks session files with blocking plain-file syscalls; the new file is opened with the same blocking flock.,yes,session-lock-arbiter-report.md; ext/session/mod_files.c:149-207; ext/session/session.c:2345
session_write_close (files save handler),function,session,blocking,low,Writes the session file with blocking plain-file I/O and releases the flock.,yes,session-lock-arbiter-report.md; ext/session/mod_files.c:142
simplexml_load_file,function,simplexml,blocking,low,Local file parsing uses synchronous I/O on the process.,yes,fiber_async_io.md (plain files); ext/simplexml/simplexml.c
soap.wsdl_cache_enabled,ini,soap,shared-state,low,"Process-wide SOAP_GLOBAL(cache_enabled) toggles WSDL caching for every request (also soap.wsdl_cache_dir, soap.wsdl_cache_ttl, soap.wsdl_cache_limit).",no,ext/soap/soap.c:405-409
SoapClient::__construct (file WSDL),method,soap,blocking,low,Parsing a WSDL from a local path uses synchronous file I/O; the disk WSDL cache in soap.wsdl_cache_dir is also read/written synchronously.,yes,fiber_async_io.md (plain files); ext/soap/php_sdl.c
DirectoryIterator::__construct,method,spl,blocking,low,"opendir/readdir are synchronous on the process (also FilesystemIterator, RecursiveDirectoryIterator, GlobIterator).",yes,fiber_async_io.md (plain files); ext/spl/spl_directory.c
spl_autoload_extensions,function,spl,shared-state,low,"Sets SPL_G(autoload_extensions), a process-wide module global used by spl_autoload() for every other request.",no,ext/spl/php_spl.c (SPL_G(autoload_extensions)); reasoning
spl_autoload_functions,function,spl,shared-state,low,"Returns the process-wide autoloader list, including callables registered by other in-flight requests.",no,ext/spl/php_spl.c:462; Zend/zend_autoload.c:26
SplFileObject::__construct,method,spl,blocking,low,"Plain-file stream; fgets/fwrite/fgetcsv are synchronous on the process, while SplFileObject::flock is intercepted via php_stream_lock().",yes,fiber_async_io.md (plain files); flock-streams-spike-report.md; ext/spl/spl_directory.c
SplTempFileObject::__construct,method,spl,blocking,low,Beyond the memory threshold php://temp spills to a plain temporary file with synchronous I/O.,yes,fiber_async_io.md (plain files); main/streams/memory.c
SQLite3::exec,method,sqlite3,blocking,low,"Synchronous disk I/O on the process (also SQLite3::query, SQLite3Stmt::execute); fast on local disk unless busyTimeout is set.",yes,fiber_async_io.md (plain files); ext/sqlite3/sqlite3.c
array_rand,function,standard,shared-state,low,Draws from the process-wide global random engine seeded by any request's mt_srand().,no,ext/standard/array.c:6532
assert.exception,ini,standard,shared-state,low,Process-wide ASSERTG(exception) changes assert() failure behaviour for every request.,no,ext/standard/assert.c:55-114
assert.warning,ini,standard,shared-state,low,Process-wide ASSERTG(warning) changes assert() failure behaviour for every request.,no,ext/standard/assert.c:122
auto_detect_line_endings,ini,standard,shared-state,low,Process-wide FG(auto_detect_line_endings) changes fgets() line splitting for every request's streams.,no,ext/standard/file.c:149; main/streams/streams.c:191
closelog,function,standard,shared-state,low,Closes the process-wide syslog connection another request opened with openlog().,no,ext/standard/syslog.c:79
copy,function,standard,blocking,low,Synchronous read/write copy of a plain file blocks the process for the whole copy.,yes,fiber_async_io.md (plain files)
display_startup_errors,ini,standard,shared-state,low,"Process-wide PG(display_startup_errors) flag; startup already happened once per process, so a runtime change only affects other requests cosmetically.",no,main/main.c:804
docref_ext,ini,standard,shared-state,low,Process-wide PG(docref_ext) changes the manual links in every request's error messages.,no,main/main.c:809
docref_root,ini,standard,shared-state,low,Process-wide PG(docref_root) changes the manual links in every request's error messages.,no,main/main.c:808
error_append_string,ini,standard,shared-state,low,Process-wide PG(error_append_string) is appended to every request's displayed errors.,no,main/main.c:860
error_include_args,ini,standard,shared-state,low,Process-wide flag deciding whether other requests' error backtraces include argument values.,no,main/main.c:806
error_log,function,standard,shared-state,low,Message type 0 goes to the process-wide PG(error_log) destination another request may have redirected.,no,main/main.c:840; ext/standard/basic_functions.c (PHP_FUNCTION(error_log))
error_log_mode,ini,standard,shared-state,low,Process-wide PG(error_log_mode) decides the mode of the error log file created for any request.,no,main/main.c:841
error_prepend_string,ini,standard,shared-state,low,Process-wide PG(error_prepend_string) is prepended to every request's displayed errors.,no,main/main.c:859
file,function,standard,blocking,low,Synchronous plain-file read blocks the process.,yes,fiber_async_io.md (plain files)
file_get_contents (plain files),function,standard,blocking,low,"Plain-file reads go through the unintercepted plain wrapper and block the process for the duration of the read (microseconds on local disk, indefinitely on NFS/FIFO).",yes,fiber_async_io.md (plain files); main/streams/plain_wrapper.c
file_put_contents (plain files),function,standard,blocking,low,Blocking plain-file write; the LOCK_EX flag itself is intercepted via php_stream_lock().,yes,fiber_async_io.md (plain files); ext/standard/file.c:490
flock,function,standard,blocking,low,Intercepted at php_stream_lock() so contention yields instead of blocking; only relevant for streams that bypass php_stream_lock.,yes,flock-streams-spike-report.md; ext/standard/file.c:197
fopen / fread / fwrite / fgets (plain files),function,standard,blocking,low,Plain wrapper I/O is synchronous read(2)/write(2) on the process; large files or slow filesystems stall all requests.,yes,fiber_async_io.md (plain files); main/streams/plain_wrapper.c
from,ini,standard,shared-state,low,Process-wide FG(from_address) added as From: header to other requests' http:// wrapper calls.,no,ext/standard/file.c:147; ext/standard/http_fopen_wrapper.c:799
getmyuid,function,standard,shared-state,low,BG(page_uid) is cached once per process from the first script's stat; wrong only for pools serving scripts with different owners.,no,ext/standard/pageinfo.c (php_statpage caches BG(page_uid)); ext/standard/basic_functions.c:402
getrusage,function,standard,shared-state,low,"Reports CPU time of the whole process (all in-flight requests), not of this request.",no,ext/standard/microtime.c:97
highlight_file,function,standard,blocking,low,"Synchronous plain-file read (also show_source, php_strip_whitespace) on the process.",yes,fiber_async_io.md (plain files); ext/standard/basic_functions.c:1749
html_errors,ini,standard,shared-state,low,Process-wide PG(html_errors) changes the formatting of every other request's error output.,no,main/main.c:810
ignore_repeated_errors,ini,standard,shared-state,low,Process-wide PG(ignore_repeated_errors) plus the shared PG(last_error_*) fields decide whether another request's identical error is suppressed.,no,main/main.c:817
ignore_repeated_source,ini,standard,shared-state,low,Process-wide PG(ignore_repeated_source) affects repeated-error suppression for every request.,no,main/main.c:818
implicit_flush,ini,standard,shared-state,low,Process-wide PG(implicit_flush) is read at request start for other requests' output layer setup.,no,main/main.c:815; sapi/fpmng/fpm/fpm_pool_coop.c (PG(implicit_flush) at request start)
input_encoding,ini,standard,shared-state,low,Process-wide PG(input_encoding) fallback used by mbstring/iconv input conversion for every request.,no,main/main.c:838
md5_file,function,standard,blocking,low,Synchronous plain-file read on the process.,yes,fiber_async_io.md (plain files); ext/standard/md5.c
memory_reset_peak_usage,function,standard,shared-state,low,"Resets the process-wide peak counter under other requests' feet, corrupting their peak statistics.",no,reasoning (one zend_mm heap per process)
output_encoding,ini,standard,shared-state,low,Process-wide PG(output_encoding) fallback used by mbstring/iconv output conversion for every request.,no,main/main.c:839
parse_ini_file,function,standard,blocking,low,Synchronous plain-file read and parse on the process.,yes,fiber_async_io.md (plain files)
readfile,function,standard,blocking,low,Synchronous plain-file read pushed to output blocks the process for large files.,yes,fiber_async_io.md (plain files)
report_memleaks,ini,standard,shared-state,low,Process-wide PG(report_memleaks); leak reporting happens once per process anyway.,no,main/main.c:819
scandir / opendir / readdir / glob,function,standard,blocking,low,"Directory enumeration is synchronous getdents on the process; big directories (session dirs, cache dirs) stall all requests.",yes,fiber_async_io.md (plain files); ext/standard/dir.c
sendmail_from,ini,standard,shared-state,low,Process-wide PG value (Windows mail() only).,no,main/main.c:874
sha1_file,function,standard,blocking,low,Synchronous plain-file read on the process.,yes,fiber_async_io.md (plain files); ext/standard/sha1.c
shuffle,function,standard,shared-state,low,Draws from the process-wide global random engine seeded by any request's mt_srand().,no,ext/standard/array.c:3180
sleep,function,standard,blocking,low,Intercepted (handler swapped to a scheduler timer) so it yields; still blocks the process when called inside a nested user Fiber where the scheduler cannot be reached.,yes,spike-sleep-yield-report.md; sapi/fpmng/fpm/fpm_pool_fiber_sleep.c:217-224; NOTES.md 3x
SMTP,ini,standard,shared-state,low,Process-wide PG value (Windows mail() only); harmless on POSIX but still a shared global written by ini_set.,no,main/main.c:862
smtp_port,ini,standard,shared-state,low,Process-wide PG value (Windows mail() only).,no,main/main.c:863
stat / filemtime / file_exists / is_file (stat family),function,standard,blocking,low,"Synchronous stat(2) on the process; slow only on network filesystems, but also shares the process-wide single-entry stat cache.",yes,fiber_async_io.md (plain files); ext/standard/filestat.c:791-829
str_shuffle,function,standard,shared-state,low,Draws from the process-wide global random engine seeded by any request's mt_srand().,no,ext/standard/string.c:6023
stream_select,function,standard,blocking,low,Patched to suspend on the scheduler instead of select(); still blocks for plain-file or pipe descriptors that libevent cannot poll.,yes,fiber_async_io.md (stream_select); patches/0008-fiber-stream-select.patch
stream_socket_accept,function,standard,blocking,low,Blocking accept() on a server socket created inside a request stalls the process until a peer connects (rare in web code; TLS listeners from a fiber are refused).,yes,fiber_errors.md (server-side ssl:// from fiber refused); main/streams/xp_socket.c
stream_wrapper_restore,function,standard,shared-state,low,Restores a wrapper in the process-wide FG(stream_wrappers) that another request had unregistered on purpose.,no,main/streams/streams.c:1853
syslog.filter,ini,standard,shared-state,low,Process-wide PG(syslog_filter) controls how every request's messages are filtered before syslog().,no,main/main.c:896
tempnam,function,standard,blocking,low,Creates a file with a blocking open/mkstemp on the process.,yes,fiber_async_io.md (plain files); ext/standard/file.c:685
time_nanosleep,function,standard,blocking,low,Intercepted like sleep(); blocks only from a nested user Fiber.,yes,spike-sleep-yield-report.md; sapi/fpmng/fpm/fpm_pool_fiber_sleep.c:217-224
tmpfile,function,standard,blocking,low,Blocking temporary file creation; the returned stream is a plain (blocking) stream.,yes,fiber_async_io.md (plain files); ext/standard/file.c:714
url_rewriter.hosts,ini,standard,shared-state,low,on_modify rewrites the process-wide BG(url_adapt_*_hosts_ht) used by output rewriting for every request.,no,ext/standard/url_scanner_ex.re; ext/standard/basic_functions.h (url_adapt_output_hosts_ht)
url_rewriter.tags,ini,standard,shared-state,low,on_modify rewrites the process-wide BG(url_adapt_*) tag tables used by output rewriting for every request.,no,ext/standard/url_scanner_ex.re (BG(url_adapt_output_ex)); ext/standard/basic_functions.h
user_agent,ini,standard,shared-state,low,"OnUpdateStr writes FG(user_agent) process-wide, so http:// wrapper requests of other requests send this User-Agent.",no,ext/standard/file.c:146; ext/standard/http_fopen_wrapper.c:831
usleep,function,standard,blocking,low,Intercepted like sleep(); blocks only from a nested user Fiber.,yes,spike-sleep-yield-report.md; sapi/fpmng/fpm/fpm_pool_fiber_sleep.c:217-224
var_dump,function,standard,shared-state,low,Float formatting follows the process-wide PG(precision)/PG(serialize_precision) set by ini_set in any request.,yes,frameworks.md lines 376-381; ext/standard/var.c:142
var_export,function,standard,shared-state,low,Float formatting follows the process-wide PG(serialize_precision).,no,ext/standard/var.c:349
xmlrpc_error_number,ini,standard,shared-state,low,Process-wide PG(xmlrpc_error_number) used when xmlrpc_errors formats another request's error.,no,main/main.c:812
XMLReader::open,method,xmlreader,blocking,low,Streaming reads of a local file are synchronous on the process.,yes,fiber_async_io.md (plain files); ext/xmlreader/php_xmlreader.c
XMLWriter::openUri,method,xmlwriter,blocking,low,Writes to a local file synchronously on the process.,yes,fiber_async_io.md (plain files); ext/xmlwriter/php_xmlwriter.c
class_exists,function,Zend,shared-state,low,"Returns true for classes another request's script declared in the process-wide EG(class_table), so 'if (!class_exists(...))' feature-detection takes a different branch than in classic FPM.",no,reasoning (process-wide EG(class_table))
defined,function,Zend,shared-state,low,"Returns true for constants another in-flight request define()d in the process-wide EG(zend_constants), so guards like 'if (!defined(X)) define(X, ...)' skip their own definition.",no,reasoning (see define())
error_reporting,function,Zend,shared-state,low,"EG(error_reporting) is captured/restored per fiber switch and re-based at fiber start, so leakage is confined to the scheduler's main context; only the ini VALUE is shared and that is isolated per request.",no,Zend/zend_fibers.c:129-148; sapi/fpmng/fpm/fpm_pool_coop.c (EG(error_reporting) = fpm_coop_base_error_reporting)
fatal_error_backtraces,ini,Zend,shared-state,low,Process-wide EG(fatal_error_backtrace_on) applies to every request's fatal errors.,no,Zend/zend.c:267
fiber.stack_size,ini,Zend,shared-state,low,Process-wide EG(fiber_stack_size) applies to user Fibers created by any request after the change.,no,Zend/zend.c:278
gc_collect_cycles,function,Zend,shared-state,low,"Runs the collector over the process-wide root buffer, pausing every in-flight request for a collection that mostly belongs to other requests.",no,Zend/zend_builtin_functions.c:168
gc_mem_caches,function,Zend,shared-state,low,"Frees the allocator's cached chunks for the whole process, so one request's call changes allocation latency for all others.",no,Zend/zend_builtin_functions.c:158
max_execution_time,ini,Zend,lifecycle,low,"There is one setitimer-driven Zend timeout per process, so the pool refuses fiber executors with a non-zero value; a runtime ini_set still arms the shared timer.",yes,fiber_errors.md (max_execution_time refusal); Zend/zend_execute_API.c:1627
new class {} (anonymous classes in recompiled scripts),class,Zend,lifecycle,low,"Every recompilation of an entry script adds a fresh class@anonymous entry to the process-wide EG(class_table) that is only destroyed at process shutdown (shutdown_executor runs once), so the table grows per request.",no,Zend/zend_vm_def.h:8057 (ZEND_DECLARE_ANON_CLASS looks up rtd_key in EG(class_table)); reasoning
zend.detect_unicode,ini,Zend,shared-state,low,Process-wide CG(detect_unicode) affects compilation of files by other requests.,no,Zend/zend.c:272
zend.exception_string_param_max_len,ini,Zend,shared-state,low,Process-wide EG(exception_string_param_max_len) changes trace formatting for every request.,no,Zend/zend.c:277
zend.script_encoding,ini,Zend,shared-state,low,OnUpdateScriptEncoding sets the compiler's process-wide script encoding used while compiling other requests' files.,no,Zend/zend.c:271
ZipArchive::open,method,zip,blocking,low,Synchronous plain-file read of the central directory.,yes,fiber_async_io.md (plain files); ext/zip/php_zip.c
gzopen / gzread / gzfile / readgzfile,function,zlib,blocking,low,Compressed plain-file I/O is synchronous on the process.,yes,fiber_async_io.md (plain files); ext/zlib/zlib.c
zlib.output_compression_level,ini,zlib,shared-state,low,Process-wide ZLIBG(output_compression_level) applies to every request's compressed output.,no,"ext/zlib/zlib.c:169,183"
zlib.output_handler,ini,zlib,shared-state,low,Process-wide ZLIBG(output_handler) name is used when other requests start output compression.,no,ext/zlib/zlib.c:1320
